<?xml version="1.0" encoding="UTF-8"?>
<project-private xmlns="http://www.netbeans.org/ns/project-private/1">
    <editor-bookmarks xmlns="http://www.netbeans.org/ns/editor-bookmarks/2" lastBookmarkId="0"/>
    <open-files xmlns="http://www.netbeans.org/ns/projectui-open-files/2">
        <group>
            <file>file:/C:/Users/herma/OneDrive/Dokumenter/GitHub/SLIT_system/SLIT_final/web/Teacher/IS109Teacher.jsp</file>
            <file>file:/C:/Users/herma/OneDrive/Dokumenter/GitHub/SLIT_system/SLIT_final/web/Teacher/kunngjøringerIS109.jsp</file>
            <file>file:/C:/Users/herma/OneDrive/Dokumenter/GitHub/SLIT_system/SLIT_final/web/Student/mainPageStudent.jsp</file>
            <file>file:/C:/Users/herma/OneDrive/Dokumenter/GitHub/SLIT_system/SLIT_final/web/login.jsp</file>
            <file>file:/C:/Users/herma/OneDrive/Dokumenter/GitHub/SLIT_system/SLIT_final/web/Teacher/emnerTeacher.jsp</file>
            <file>file:/C:/Users/herma/OneDrive/Dokumenter/GitHub/SLIT_system/SLIT_final/web/Teacher/mainPageTeacher.jsp</file>
            <file>file:/C:/Users/herma/OneDrive/Dokumenter/GitHub/SLIT_system/SLIT_final/src/java/connKunn.java</file>
        </group>
    </open-files>
</project-private>
